Name,Points
GARY H,6.0
DAKSHESH D,6.0
ADITYA B,6.0
PATRICK H,5.5
HANSHI Z,5.5
HANSEN S,5.0
GARY D,5.0
EZEKIEL H,5.0
STEFANO L,5.0
ANVIT R,5.0
CAMERON W,4.5
KENNETH J,4.5
TORRANCE H,4.5
BRADLEY S,4.5
ZACHARY J,4.5
MIKE N,4.0
RONALD G,4.0
DAVID S,4.0
DIPANKAR R,4.0
JASON Z,4.0
DINH D,4.0
EUGENE L,4.0
ALAN B,4.0
MICHAEL R,4.0
LOREN S,3.5
MAX Z,3.5
GAURAV G,3.5
CHIEDOZIE O,3.5
GEORGE A,3.5
RISHI S,3.5
JOSHUA P,3.5
JADE G,3.5
MICHAEL J,2.5
JOSHUA D,3.5
SIDDHARTH J,3.5
AMIYATOSH P,3.5
BRIAN L,3.0
JOEL R,3.0
FOREST Z,3.0
KYLE W,3.0
JARED G,3.0
ROBERT G,3.0
JUSTIN D,3.0
DEREK Y,3.0
JACOB A,3.0
ERIC W,2.5
DANIEL K,2.5
SHIVAM J,2.5
TEJAS A,2.5
ETHAN G,2.5
JOSE C,2.0
LARRY H,2.0
ALEX K,2.0
MARISA R,2.0
MICHAEL L,2.0
VIRAJ M,2.0
SEAN M,2.0
JULIA S,1.5
JEZZEL F,1.5
ASHWIN B,1.0
THOMAS J,1.0
BEN L,1.0
